CountryName,CountryNumber
Zimbabwe,716
Zimbabwe,716
Zimbabwe,716
Zimbabwe,716
Zimbabwe,716
Zimbabwe,716
Zimbabwe,716
Zimbabwe,716
Zambia,894
Zambia,894
Zambia,894
Zambia,894
Zambia,894
Zambia,894
Zambia,894
Zambia,894
Yemen,887
Yemen,887
Yemen,887
Yemen,887
Yemen,887
Yemen,887
Yemen,887
Yemen,887
Western Sahara,732
Western Sahara,732
Western Sahara,732
Western Sahara,732
Western Sahara,732
Western Sahara,732
Western Sahara,732
Western Sahara,732
Wallis and Futuna Islands,876
Wallis and Futuna Islands,876
Wallis and Futuna Islands,876
Wallis and Futuna Islands,876
Wallis and Futuna Islands,876
Wallis and Futuna Islands,876
Wallis and Futuna Islands,876
Wallis and Futuna Islands,876
"Virgin Islands, US",850
"Virgin Islands, US",850
"Virgin Islands, US",850
"Virgin Islands, US",850
"Virgin Islands, US",850
"Virgin Islands, US",850
"Virgin Islands, US",850
"Virgin Islands, US",850
Viet Nam,704
Viet Nam,704
Viet Nam,704
Viet Nam,704
Viet Nam,704
Viet Nam,704
Viet Nam,704
Viet Nam,704
Venezuelaÿ(Bolivarian Republic),862
Venezuelaÿ(Bolivarian Republic),862
Venezuelaÿ(Bolivarian Republic),862
Venezuelaÿ(Bolivarian Republic),862
Venezuelaÿ(Bolivarian Republic),862
Venezuelaÿ(Bolivarian Republic),862
Venezuelaÿ(Bolivarian Republic),862
Venezuelaÿ(Bolivarian Republic),862
Vanuatu,548
Vanuatu,548
Vanuatu,548
Vanuatu,548
Vanuatu,548
Vanuatu,548
Vanuatu,548
Vanuatu,548
Uzbekistan,860
Uzbekistan,860
Uzbekistan,860
Uzbekistan,860
Uzbekistan,860
Uzbekistan,860
Uzbekistan,860
Uzbekistan,860
Uruguay,858
Uruguay,858
Uruguay,858
Uruguay,858
Uruguay,858
Uruguay,858
Uruguay,858
Uruguay,858
United States of America,840
United States of America,840
United States of America,840
United States of America,840
United States of America,840
United States of America,840
United States of America,840
United States of America,840
United Kingdom,826
United Kingdom,826
United Kingdom,826
United Kingdom,826
United Kingdom,826
United Kingdom,826
United Kingdom,826
United Kingdom,826
United Arab Emirates,784
United Arab Emirates,784
United Arab Emirates,784
United Arab Emirates,784
United Arab Emirates,784
United Arab Emirates,784
United Arab Emirates,784
United Arab Emirates,784
Ukraine,804
Ukraine,804
Ukraine,804
Ukraine,804
Ukraine,804
Ukraine,804
Ukraine,804
Ukraine,804
Uganda,800
Uganda,800
Uganda,800
Uganda,800
Uganda,800
Uganda,800
Uganda,800
Uganda,800
US Minor Outlying Islands,581
US Minor Outlying Islands,581
US Minor Outlying Islands,581
US Minor Outlying Islands,581
US Minor Outlying Islands,581
US Minor Outlying Islands,581
US Minor Outlying Islands,581
US Minor Outlying Islands,581
Tuvalu,798
Tuvalu,798
Tuvalu,798
Tuvalu,798
Tuvalu,798
Tuvalu,798
Tuvalu,798
Tuvalu,798
Turks and Caicos Islands,796
Turks and Caicos Islands,796
Turks and Caicos Islands,796
Turks and Caicos Islands,796
Turks and Caicos Islands,796
Turks and Caicos Islands,796
Turks and Caicos Islands,796
Turks and Caicos Islands,796
Turkmenistan,795
Turkmenistan,795
Turkmenistan,795
Turkmenistan,795
Turkmenistan,795
Turkmenistan,795
Turkmenistan,795
Turkmenistan,795
Turkey,792
Turkey,792
Turkey,792
Turkey,792
Turkey,792
Turkey,792
Turkey,792
Turkey,792
Tunisia,788
Tunisia,788
Tunisia,788
Tunisia,788
Tunisia,788
Tunisia,788
Tunisia,788
Tunisia,788
Trinidad and Tobago,780
Trinidad and Tobago,780
Trinidad and Tobago,780
Trinidad and Tobago,780
Trinidad and Tobago,780
Trinidad and Tobago,780
Trinidad and Tobago,780
Trinidad and Tobago,780
Tonga,776
Tonga,776
Tonga,776
Tonga,776
Tonga,776
Tonga,776
Tonga,776
Tonga,776
Tokelau,772
Tokelau,772
Tokelau,772
Tokelau,772
Tokelau,772
Tokelau,772
Tokelau,772
Tokelau,772
Togo,768
Togo,768
Togo,768
Togo,768
Togo,768
Togo,768
Togo,768
Togo,768
Timor-Leste,626
Timor-Leste,626
Timor-Leste,626
Timor-Leste,626
Timor-Leste,626
Timor-Leste,626
Timor-Leste,626
Timor-Leste,626
Thailand,764
Thailand,764
Thailand,764
Thailand,764
Thailand,764
Thailand,764
Thailand,764
Thailand,764
"Tanzania, United Republic of",834
"Tanzania, United Republic of",834
"Tanzania, United Republic of",834
"Tanzania, United Republic of",834
"Tanzania, United Republic of",834
"Tanzania, United Republic of",834
"Tanzania, United Republic of",834
"Tanzania, United Republic of",834
Tajikistan,762
Tajikistan,762
Tajikistan,762
Tajikistan,762
Tajikistan,762
Tajikistan,762
Tajikistan,762
Tajikistan,762
"Taiwan, Republic of China",158
"Taiwan, Republic of China",158
"Taiwan, Republic of China",158
"Taiwan, Republic of China",158
"Taiwan, Republic of China",158
"Taiwan, Republic of China",158
"Taiwan, Republic of China",158
"Taiwan, Republic of China",158
Syrian Arab Republicÿ(Syria),760
Syrian Arab Republicÿ(Syria),760
Syrian Arab Republicÿ(Syria),760
Syrian Arab Republicÿ(Syria),760
Syrian Arab Republicÿ(Syria),760
Syrian Arab Republicÿ(Syria),760
Syrian Arab Republicÿ(Syria),760
Syrian Arab Republicÿ(Syria),760
Switzerland,756
Switzerland,756
Switzerland,756
Switzerland,756
Switzerland,756
Switzerland,756
Switzerland,756
Switzerland,756
Sweden,752
Sweden,752
Sweden,752
Sweden,752
Sweden,752
Sweden,752
Sweden,752
Sweden,752
Swaziland,748
Swaziland,748
Swaziland,748
Swaziland,748
Swaziland,748
Swaziland,748
Swaziland,748
Swaziland,748
Svalbard and Jan Mayen Islands,744
Svalbard and Jan Mayen Islands,744
Svalbard and Jan Mayen Islands,744
Svalbard and Jan Mayen Islands,744
Svalbard and Jan Mayen Islands,744
Svalbard and Jan Mayen Islands,744
Svalbard and Jan Mayen Islands,744
Svalbard and Jan Mayen Islands,744
Suriname,740
Suriname,740
Suriname,740
Suriname,740
Suriname,740
Suriname,740
Suriname,740
Suriname,740
Sudan,736
Sudan,736
Sudan,736
Sudan,736
Sudan,736
Sudan,736
Sudan,736
Sudan,736
Sri Lanka,144
Sri Lanka,144
Sri Lanka,144
Sri Lanka,144
Sri Lanka,144
Sri Lanka,144
Sri Lanka,144
Sri Lanka,144
Spain,724
Spain,724
Spain,724
Spain,724
Spain,724
Spain,724
Spain,724
Spain,724
South Sudan,728
South Sudan,728
South Sudan,728
South Sudan,728
South Sudan,728
South Sudan,728
South Sudan,728
South Sudan,728
South Georgia and the South Sandwich Islands,239
South Georgia and the South Sandwich Islands,239
South Georgia and the South Sandwich Islands,239
South Georgia and the South Sandwich Islands,239
South Georgia and the South Sandwich Islands,239
South Georgia and the South Sandwich Islands,239
South Georgia and the South Sandwich Islands,239
South Georgia and the South Sandwich Islands,239
South Africa,710
South Africa,710
South Africa,710
South Africa,710
South Africa,710
South Africa,710
South Africa,710
South Africa,710
Somalia,706
Somalia,706
Somalia,706
Somalia,706
Somalia,706
Somalia,706
Somalia,706
Somalia,706
Solomon Islands,90
Solomon Islands,90
Solomon Islands,90
Solomon Islands,90
Solomon Islands,90
Solomon Islands,90
Solomon Islands,90
Solomon Islands,90
Slovenia,705
Slovenia,705
Slovenia,705
Slovenia,705
Slovenia,705
Slovenia,705
Slovenia,705
Slovenia,705
Slovakia,703
Slovakia,703
Slovakia,703
Slovakia,703
Slovakia,703
Slovakia,703
Slovakia,703
Slovakia,703
Singapore,702
Singapore,702
Singapore,702
Singapore,702
Singapore,702
Singapore,702
Singapore,702
Singapore,702
Sierra Leone,694
Sierra Leone,694
Sierra Leone,694
Sierra Leone,694
Sierra Leone,694
Sierra Leone,694
Sierra Leone,694
Sierra Leone,694
Seychelles,690
Seychelles,690
Seychelles,690
Seychelles,690
Seychelles,690
Seychelles,690
Seychelles,690
Seychelles,690
Serbia,688
Serbia,688
Serbia,688
Serbia,688
Serbia,688
Serbia,688
Serbia,688
Serbia,688
Senegal,686
Senegal,686
Senegal,686
Senegal,686
Senegal,686
Senegal,686
Senegal,686
Senegal,686
Saudi Arabia,682
Saudi Arabia,682
Saudi Arabia,682
Saudi Arabia,682
Saudi Arabia,682
Saudi Arabia,682
Saudi Arabia,682
Saudi Arabia,682
Sao Tome and Principe,678
Sao Tome and Principe,678
Sao Tome and Principe,678
Sao Tome and Principe,678
Sao Tome and Principe,678
Sao Tome and Principe,678
Sao Tome and Principe,678
Sao Tome and Principe,678
San Marino,674
San Marino,674
San Marino,674
San Marino,674
San Marino,674
San Marino,674
San Marino,674
San Marino,674
Samoa,882
Samoa,882
Samoa,882
Samoa,882
Samoa,882
Samoa,882
Samoa,882
Samoa,882
Saint-Martin (French part),663
Saint-Martin (French part),663
Saint-Martin (French part),663
Saint-Martin (French part),663
Saint-Martin (French part),663
Saint-Martin (French part),663
Saint-Martin (French part),663
Saint-Martin (French part),663
Saint-Barthlemy,652
Saint-Barthlemy,652
Saint-Barthlemy,652
Saint-Barthlemy,652
Saint-Barthlemy,652
Saint-Barthlemy,652
Saint-Barthlemy,652
Saint-Barthlemy,652
Saint Vincent and Grenadines,670
Saint Vincent and Grenadines,670
Saint Vincent and Grenadines,670
Saint Vincent and Grenadines,670
Saint Vincent and Grenadines,670
Saint Vincent and Grenadines,670
Saint Vincent and Grenadines,670
Saint Vincent and Grenadines,670
Saint Pierre and Miquelon,666
Saint Pierre and Miquelon,666
Saint Pierre and Miquelon,666
Saint Pierre and Miquelon,666
Saint Pierre and Miquelon,666
Saint Pierre and Miquelon,666
Saint Pierre and Miquelon,666
Saint Pierre and Miquelon,666
Saint Lucia,662
Saint Lucia,662
Saint Lucia,662
Saint Lucia,662
Saint Lucia,662
Saint Lucia,662
Saint Lucia,662
Saint Lucia,662
Saint Kitts and Nevis,659
Saint Kitts and Nevis,659
Saint Kitts and Nevis,659
Saint Kitts and Nevis,659
Saint Kitts and Nevis,659
Saint Kitts and Nevis,659
Saint Kitts and Nevis,659
Saint Kitts and Nevis,659
Saint Helena,654
Saint Helena,654
Saint Helena,654
Saint Helena,654
Saint Helena,654
Saint Helena,654
Saint Helena,654
Saint Helena,654
Runion,638
Runion,638
Runion,638
Runion,638
Runion,638
Runion,638
Runion,638
Runion,638
Rwanda,646
Rwanda,646
Rwanda,646
Rwanda,646
Rwanda,646
Rwanda,646
Rwanda,646
Rwanda,646
Russian Federation,643
Russian Federation,643
Russian Federation,643
Russian Federation,643
Russian Federation,643
Russian Federation,643
Russian Federation,643
Russian Federation,643
Romania,642
Romania,642
Romania,642
Romania,642
Romania,642
Romania,642
Romania,642
Romania,642
Qatar,634
Qatar,634
Qatar,634
Qatar,634
Qatar,634
Qatar,634
Qatar,634
Qatar,634
Puerto Rico,630
Puerto Rico,630
Puerto Rico,630
Puerto Rico,630
Puerto Rico,630
Puerto Rico,630
Puerto Rico,630
Puerto Rico,630
Portugal,620
Portugal,620
Portugal,620
Portugal,620
Portugal,620
Portugal,620
Portugal,620
Portugal,620
Poland,616
Poland,616
Poland,616
Poland,616
Poland,616
Poland,616
Poland,616
Poland,616
Pitcairn,612
Pitcairn,612
Pitcairn,612
Pitcairn,612
Pitcairn,612
Pitcairn,612
Pitcairn,612
Pitcairn,612
Philippines,608
Philippines,608
Philippines,608
Philippines,608
Philippines,608
Philippines,608
Philippines,608
Philippines,608
Peru,604
Peru,604
Peru,604
Peru,604
Peru,604
Peru,604
Peru,604
Peru,604
Paraguay,600
Paraguay,600
Paraguay,600
Paraguay,600
Paraguay,600
Paraguay,600
Paraguay,600
Paraguay,600
Papua New Guinea,598
Papua New Guinea,598
Papua New Guinea,598
Papua New Guinea,598
Papua New Guinea,598
Papua New Guinea,598
Papua New Guinea,598
Papua New Guinea,598
Panama,591
Panama,591
Panama,591
Panama,591
Panama,591
Panama,591
Panama,591
Panama,591
Palestinian Territory,275
Palestinian Territory,275
Palestinian Territory,275
Palestinian Territory,275
Palestinian Territory,275
Palestinian Territory,275
Palestinian Territory,275
Palestinian Territory,275
Palau,585
Palau,585
Palau,585
Palau,585
Palau,585
Palau,585
Palau,585
Palau,585
Pakistan,586
Pakistan,586
Pakistan,586
Pakistan,586
Pakistan,586
Pakistan,586
Pakistan,586
Pakistan,586
Oman,512
Oman,512
Oman,512
Oman,512
Oman,512
Oman,512
Oman,512
Oman,512
Norway,578
Norway,578
Norway,578
Norway,578
Norway,578
Norway,578
Norway,578
Norway,578
Northern Mariana Islands,580
Northern Mariana Islands,580
Northern Mariana Islands,580
Northern Mariana Islands,580
Northern Mariana Islands,580
Northern Mariana Islands,580
Northern Mariana Islands,580
Northern Mariana Islands,580
Norfolk Island,574
Norfolk Island,574
Norfolk Island,574
Norfolk Island,574
Norfolk Island,574
Norfolk Island,574
Norfolk Island,574
Norfolk Island,574
Niue,570
Niue,570
Niue,570
Niue,570
Niue,570
Niue,570
Niue,570
Niue,570
Nigeria,566
Nigeria,566
Nigeria,566
Nigeria,566
Nigeria,566
Nigeria,566
Nigeria,566
Nigeria,566
Niger,562
Niger,562
Niger,562
Niger,562
Niger,562
Niger,562
Niger,562
Niger,562
Nicaragua,558
Nicaragua,558
Nicaragua,558
Nicaragua,558
Nicaragua,558
Nicaragua,558
Nicaragua,558
Nicaragua,558
New Zealand,554
New Zealand,554
New Zealand,554
New Zealand,554
New Zealand,554
New Zealand,554
New Zealand,554
New Zealand,554
New Caledonia,540
New Caledonia,540
New Caledonia,540
New Caledonia,540
New Caledonia,540
New Caledonia,540
New Caledonia,540
New Caledonia,540
Netherlands Antilles,530
Netherlands Antilles,530
Netherlands Antilles,530
Netherlands Antilles,530
Netherlands Antilles,530
Netherlands Antilles,530
Netherlands Antilles,530
Netherlands Antilles,530
Netherlands,528
Netherlands,528
Netherlands,528
Netherlands,528
Netherlands,528
Netherlands,528
Netherlands,528
Netherlands,528
Nepal,524
Nepal,524
Nepal,524
Nepal,524
Nepal,524
Nepal,524
Nepal,524
Nepal,524
Nauru,520
Nauru,520
Nauru,520
Nauru,520
Nauru,520
Nauru,520
Nauru,520
Nauru,520
Namibia,516
Namibia,516
Namibia,516
Namibia,516
Namibia,516
Namibia,516
Namibia,516
Namibia,516
Myanmar,104
Myanmar,104
Myanmar,104
Myanmar,104
Myanmar,104
Myanmar,104
Myanmar,104
Myanmar,104
Mozambique,508
Mozambique,508
Mozambique,508
Mozambique,508
Mozambique,508
Mozambique,508
Mozambique,508
Mozambique,508
Morocco,504
Morocco,504
Morocco,504
Morocco,504
Morocco,504
Morocco,504
Morocco,504
Morocco,504
Montserrat,500
Montserrat,500
Montserrat,500
Montserrat,500
Montserrat,500
Montserrat,500
Montserrat,500
Montserrat,500
Montenegro,499
Montenegro,499
Montenegro,499
Montenegro,499
Montenegro,499
Montenegro,499
Montenegro,499
Montenegro,499
Mongolia,496
Mongolia,496
Mongolia,496
Mongolia,496
Mongolia,496
Mongolia,496
Mongolia,496
Mongolia,496
Monaco,492
Monaco,492
Monaco,492
Monaco,492
Monaco,492
Monaco,492
Monaco,492
Monaco,492
Moldova,498
Moldova,498
Moldova,498
Moldova,498
Moldova,498
Moldova,498
Moldova,498
Moldova,498
"Micronesia, Federated States of",583
"Micronesia, Federated States of",583
"Micronesia, Federated States of",583
"Micronesia, Federated States of",583
"Micronesia, Federated States of",583
"Micronesia, Federated States of",583
"Micronesia, Federated States of",583
"Micronesia, Federated States of",583
Mexico,484
Mexico,484
Mexico,484
Mexico,484
Mexico,484
Mexico,484
Mexico,484
Mexico,484
Mayotte,175
Mayotte,175
Mayotte,175
Mayotte,175
Mayotte,175
Mayotte,175
Mayotte,175
Mayotte,175
Mauritius,480
Mauritius,480
Mauritius,480
Mauritius,480
Mauritius,480
Mauritius,480
Mauritius,480
Mauritius,480
Mauritania,478
Mauritania,478
Mauritania,478
Mauritania,478
Mauritania,478
Mauritania,478
Mauritania,478
Mauritania,478
Martinique,474
Martinique,474
Martinique,474
Martinique,474
Martinique,474
Martinique,474
Martinique,474
Martinique,474
Marshall Islands,584
Marshall Islands,584
Marshall Islands,584
Marshall Islands,584
Marshall Islands,584
Marshall Islands,584
Marshall Islands,584
Marshall Islands,584
Malta,470
Malta,470
Malta,470
Malta,470
Malta,470
Malta,470
Malta,470
Malta,470
Mali,466
Mali,466
Mali,466
Mali,466
Mali,466
Mali,466
Mali,466
Mali,466
Maldives,462
Maldives,462
Maldives,462
Maldives,462
Maldives,462
Maldives,462
Maldives,462
Maldives,462
Malaysia,458
Malaysia,458
Malaysia,458
Malaysia,458
Malaysia,458
Malaysia,458
Malaysia,458
Malaysia,458
Malawi,454
Malawi,454
Malawi,454
Malawi,454
Malawi,454
Malawi,454
Malawi,454
Malawi,454
Madagascar,450
Madagascar,450
Madagascar,450
Madagascar,450
Madagascar,450
Madagascar,450
Madagascar,450
Madagascar,450
"Macedonia, Republic of",807
"Macedonia, Republic of",807
"Macedonia, Republic of",807
"Macedonia, Republic of",807
"Macedonia, Republic of",807
"Macedonia, Republic of",807
"Macedonia, Republic of",807
"Macedonia, Republic of",807
"Macao, SAR China",446
"Macao, SAR China",446
"Macao, SAR China",446
"Macao, SAR China",446
"Macao, SAR China",446
"Macao, SAR China",446
"Macao, SAR China",446
"Macao, SAR China",446
Luxembourg,442
Luxembourg,442
Luxembourg,442
Luxembourg,442
Luxembourg,442
Luxembourg,442
Luxembourg,442
Luxembourg,442
Lithuania,440
Lithuania,440
Lithuania,440
Lithuania,440
Lithuania,440
Lithuania,440
Lithuania,440
Lithuania,440
Liechtenstein,438
Liechtenstein,438
Liechtenstein,438
Liechtenstein,438
Liechtenstein,438
Liechtenstein,438
Liechtenstein,438
Liechtenstein,438
Libya,434
Libya,434
Libya,434
Libya,434
Libya,434
Libya,434
Libya,434
Libya,434
Liberia,430
Liberia,430
Liberia,430
Liberia,430
Liberia,430
Liberia,430
Liberia,430
Liberia,430
Lesotho,426
Lesotho,426
Lesotho,426
Lesotho,426
Lesotho,426
Lesotho,426
Lesotho,426
Lesotho,426
Lebanon,422
Lebanon,422
Lebanon,422
Lebanon,422
Lebanon,422
Lebanon,422
Lebanon,422
Lebanon,422
Latvia,428
Latvia,428
Latvia,428
Latvia,428
Latvia,428
Latvia,428
Latvia,428
Latvia,428
Lao PDR,418
Lao PDR,418
Lao PDR,418
Lao PDR,418
Lao PDR,418
Lao PDR,418
Lao PDR,418
Lao PDR,418
Kyrgyzstan,417
Kyrgyzstan,417
Kyrgyzstan,417
Kyrgyzstan,417
Kyrgyzstan,417
Kyrgyzstan,417
Kyrgyzstan,417
Kyrgyzstan,417
Kuwait,414
Kuwait,414
Kuwait,414
Kuwait,414
Kuwait,414
Kuwait,414
Kuwait,414
Kuwait,414
Koreaÿ(South),410
Koreaÿ(South),410
Koreaÿ(South),410
Koreaÿ(South),410
Koreaÿ(South),410
Koreaÿ(South),410
Koreaÿ(South),410
Koreaÿ(South),410
Koreaÿ(North),408
Koreaÿ(North),408
Koreaÿ(North),408
Koreaÿ(North),408
Koreaÿ(North),408
Koreaÿ(North),408
Koreaÿ(North),408
Koreaÿ(North),408
Kiribati,296
Kiribati,296
Kiribati,296
Kiribati,296
Kiribati,296
Kiribati,296
Kiribati,296
Kiribati,296
Kenya,404
Kenya,404
Kenya,404
Kenya,404
Kenya,404
Kenya,404
Kenya,404
Kenya,404
Kazakhstan,398
Kazakhstan,398
Kazakhstan,398
Kazakhstan,398
Kazakhstan,398
Kazakhstan,398
Kazakhstan,398
Kazakhstan,398
Jordan,400
Jordan,400
Jordan,400
Jordan,400
Jordan,400
Jordan,400
Jordan,400
Jordan,400
Jersey,832
Jersey,832
Jersey,832
Jersey,832
Jersey,832
Jersey,832
Jersey,832
Jersey,832
Japan,392
Japan,392
Japan,392
Japan,392
Japan,392
Japan,392
Japan,392
Japan,392
Jamaica,388
Jamaica,388
Jamaica,388
Jamaica,388
Jamaica,388
Jamaica,388
Jamaica,388
Jamaica,388
Italy,380
Italy,380
Italy,380
Italy,380
Italy,380
Italy,380
Italy,380
Italy,380
Israel,376
Israel,376
Israel,376
Israel,376
Israel,376
Israel,376
Israel,376
Israel,376
Isle of Man,833
Isle of Man,833
Isle of Man,833
Isle of Man,833
Isle of Man,833
Isle of Man,833
Isle of Man,833
Isle of Man,833
Ireland,372
Ireland,372
Ireland,372
Ireland,372
Ireland,372
Ireland,372
Ireland,372
Ireland,372
Iraq,368
Iraq,368
Iraq,368
Iraq,368
Iraq,368
Iraq,368
Iraq,368
Iraq,368
"Iran, Islamic Republic of",364
"Iran, Islamic Republic of",364
"Iran, Islamic Republic of",364
"Iran, Islamic Republic of",364
"Iran, Islamic Republic of",364
"Iran, Islamic Republic of",364
"Iran, Islamic Republic of",364
"Iran, Islamic Republic of",364
Indonesia,360
Indonesia,360
Indonesia,360
Indonesia,360
Indonesia,360
Indonesia,360
Indonesia,360
Indonesia,360
India,356
India,356
India,356
India,356
India,356
India,356
India,356
India,356
Iceland,352
Iceland,352
Iceland,352
Iceland,352
Iceland,352
Iceland,352
Iceland,352
Iceland,352
Hungary,348
Hungary,348
Hungary,348
Hungary,348
Hungary,348
Hungary,348
Hungary,348
Hungary,348
"Hong Kong, SAR China",344
"Hong Kong, SAR China",344
"Hong Kong, SAR China",344
"Hong Kong, SAR China",344
"Hong Kong, SAR China",344
"Hong Kong, SAR China",344
"Hong Kong, SAR China",344
"Hong Kong, SAR China",344
Honduras,340
Honduras,340
Honduras,340
Honduras,340
Honduras,340
Honduras,340
Honduras,340
Honduras,340
Holy Seeÿ(Vatican City State),336
Holy Seeÿ(Vatican City State),336
Holy Seeÿ(Vatican City State),336
Holy Seeÿ(Vatican City State),336
Holy Seeÿ(Vatican City State),336
Holy Seeÿ(Vatican City State),336
Holy Seeÿ(Vatican City State),336
Holy Seeÿ(Vatican City State),336
Heard and Mcdonald Islands,334
Heard and Mcdonald Islands,334
Heard and Mcdonald Islands,334
Heard and Mcdonald Islands,334
Heard and Mcdonald Islands,334
Heard and Mcdonald Islands,334
Heard and Mcdonald Islands,334
Heard and Mcdonald Islands,334
Haiti,332
Haiti,332
Haiti,332
Haiti,332
Haiti,332
Haiti,332
Haiti,332
Haiti,332
Guyana,328
Guyana,328
Guyana,328
Guyana,328
Guyana,328
Guyana,328
Guyana,328
Guyana,328
Guinea-Bissau,624
Guinea-Bissau,624
Guinea-Bissau,624
Guinea-Bissau,624
Guinea-Bissau,624
Guinea-Bissau,624
Guinea-Bissau,624
Guinea-Bissau,624
Guinea,324
Guinea,324
Guinea,324
Guinea,324
Guinea,324
Guinea,324
Guinea,324
Guinea,324
Guernsey,831
Guernsey,831
Guernsey,831
Guernsey,831
Guernsey,831
Guernsey,831
Guernsey,831
Guernsey,831
Guatemala,320
Guatemala,320
Guatemala,320
Guatemala,320
Guatemala,320
Guatemala,320
Guatemala,320
Guatemala,320
Guam,316
Guam,316
Guam,316
Guam,316
Guam,316
Guam,316
Guam,316
Guam,316
Guadeloupe,312
Guadeloupe,312
Guadeloupe,312
Guadeloupe,312
Guadeloupe,312
Guadeloupe,312
Guadeloupe,312
Guadeloupe,312
Grenada,308
Grenada,308
Grenada,308
Grenada,308
Grenada,308
Grenada,308
Grenada,308
Grenada,308
Greenland,304
Greenland,304
Greenland,304
Greenland,304
Greenland,304
Greenland,304
Greenland,304
Greenland,304
Greece,300
Greece,300
Greece,300
Greece,300
Greece,300
Greece,300
Greece,300
Greece,300
Gibraltar,292
Gibraltar,292
Gibraltar,292
Gibraltar,292
Gibraltar,292
Gibraltar,292
Gibraltar,292
Gibraltar,292
Ghana,288
Ghana,288
Ghana,288
Ghana,288
Ghana,288
Ghana,288
Ghana,288
Ghana,288
Germany,276
Germany,276
Germany,276
Germany,276
Germany,276
Germany,276
Germany,276
Germany,276
Georgia,268
Georgia,268
Georgia,268
Georgia,268
Georgia,268
Georgia,268
Georgia,268
Georgia,268
Gambia,270
Gambia,270
Gambia,270
Gambia,270
Gambia,270
Gambia,270
Gambia,270
Gambia,270
Gabon,266
Gabon,266
Gabon,266
Gabon,266
Gabon,266
Gabon,266
Gabon,266
Gabon,266
French Southern Territories,260
French Southern Territories,260
French Southern Territories,260
French Southern Territories,260
French Southern Territories,260
French Southern Territories,260
French Southern Territories,260
French Southern Territories,260
French Polynesia,258
French Polynesia,258
French Polynesia,258
French Polynesia,258
French Polynesia,258
French Polynesia,258
French Polynesia,258
French Polynesia,258
French Guiana,254
French Guiana,254
French Guiana,254
French Guiana,254
French Guiana,254
French Guiana,254
French Guiana,254
French Guiana,254
France,250
France,250
France,250
France,250
France,250
France,250
France,250
France,250
Finland,246
Finland,246
Finland,246
Finland,246
Finland,246
Finland,246
Finland,246
Finland,246
Fiji,242
Fiji,242
Fiji,242
Fiji,242
Fiji,242
Fiji,242
Fiji,242
Fiji,242
Faroe Islands,234
Faroe Islands,234
Faroe Islands,234
Faroe Islands,234
Faroe Islands,234
Faroe Islands,234
Faroe Islands,234
Faroe Islands,234
Falkland Islands (Malvinas),238
Falkland Islands (Malvinas),238
Falkland Islands (Malvinas),238
Falkland Islands (Malvinas),238
Falkland Islands (Malvinas),238
Falkland Islands (Malvinas),238
Falkland Islands (Malvinas),238
Falkland Islands (Malvinas),238
Ethiopia,231
Ethiopia,231
Ethiopia,231
Ethiopia,231
Ethiopia,231
Ethiopia,231
Ethiopia,231
Ethiopia,231
Estonia,233
Estonia,233
Estonia,233
Estonia,233
Estonia,233
Estonia,233
Estonia,233
Estonia,233
Eritrea,232
Eritrea,232
Eritrea,232
Eritrea,232
Eritrea,232
Eritrea,232
Eritrea,232
Eritrea,232
Equatorial Guinea,226
Equatorial Guinea,226
Equatorial Guinea,226
Equatorial Guinea,226
Equatorial Guinea,226
Equatorial Guinea,226
Equatorial Guinea,226
Equatorial Guinea,226
El Salvador,222
El Salvador,222
El Salvador,222
El Salvador,222
El Salvador,222
El Salvador,222
El Salvador,222
El Salvador,222
Egypt,818
Egypt,818
Egypt,818
Egypt,818
Egypt,818
Egypt,818
Egypt,818
Egypt,818
Ecuador,218
Ecuador,218
Ecuador,218
Ecuador,218
Ecuador,218
Ecuador,218
Ecuador,218
Ecuador,218
Dominican Republic,214
Dominican Republic,214
Dominican Republic,214
Dominican Republic,214
Dominican Republic,214
Dominican Republic,214
Dominican Republic,214
Dominican Republic,214
Dominica,212
Dominica,212
Dominica,212
Dominica,212
Dominica,212
Dominica,212
Dominica,212
Dominica,212
Djibouti,262
Djibouti,262
Djibouti,262
Djibouti,262
Djibouti,262
Djibouti,262
Djibouti,262
Djibouti,262
Denmark,208
Denmark,208
Denmark,208
Denmark,208
Denmark,208
Denmark,208
Denmark,208
Denmark,208
Cte d'Ivoire,384
Cte d'Ivoire,384
Cte d'Ivoire,384
Cte d'Ivoire,384
Cte d'Ivoire,384
Cte d'Ivoire,384
Cte d'Ivoire,384
Cte d'Ivoire,384
Czech Republic,203
Czech Republic,203
Czech Republic,203
Czech Republic,203
Czech Republic,203
Czech Republic,203
Czech Republic,203
Czech Republic,203
Cyprus,196
Cyprus,196
Cyprus,196
Cyprus,196
Cyprus,196
Cyprus,196
Cyprus,196
Cyprus,196
Cuba,192
Cuba,192
Cuba,192
Cuba,192
Cuba,192
Cuba,192
Cuba,192
Cuba,192
Croatia,191
Croatia,191
Croatia,191
Croatia,191
Croatia,191
Croatia,191
Croatia,191
Croatia,191
Costa Rica,188
Costa Rica,188
Costa Rica,188
Costa Rica,188
Costa Rica,188
Costa Rica,188
Costa Rica,188
Costa Rica,188
Cook Islands,184
Cook Islands,184
Cook Islands,184
Cook Islands,184
Cook Islands,184
Cook Islands,184
Cook Islands,184
Cook Islands,184
Congoÿ(Brazzaville),178
Congoÿ(Brazzaville),178
Congoÿ(Brazzaville),178
Congoÿ(Brazzaville),178
Congoÿ(Brazzaville),178
Congoÿ(Brazzaville),178
Congoÿ(Brazzaville),178
Congoÿ(Brazzaville),178
"Congo, (Kinshasa)",180
"Congo, (Kinshasa)",180
"Congo, (Kinshasa)",180
"Congo, (Kinshasa)",180
"Congo, (Kinshasa)",180
"Congo, (Kinshasa)",180
"Congo, (Kinshasa)",180
"Congo, (Kinshasa)",180
Comoros,174
Comoros,174
Comoros,174
Comoros,174
Comoros,174
Comoros,174
Comoros,174
Comoros,174
Colombia,170
Colombia,170
Colombia,170
Colombia,170
Colombia,170
Colombia,170
Colombia,170
Colombia,170
Cocos (Keeling) Islands,166
Cocos (Keeling) Islands,166
Cocos (Keeling) Islands,166
Cocos (Keeling) Islands,166
Cocos (Keeling) Islands,166
Cocos (Keeling) Islands,166
Cocos (Keeling) Islands,166
Cocos (Keeling) Islands,166
Christmas Island,162
Christmas Island,162
Christmas Island,162
Christmas Island,162
Christmas Island,162
Christmas Island,162
Christmas Island,162
Christmas Island,162
China,156
China,156
China,156
China,156
China,156
China,156
China,156
China,156
Chile,152
Chile,152
Chile,152
Chile,152
Chile,152
Chile,152
Chile,152
Chile,152
Chad,148
Chad,148
Chad,148
Chad,148
Chad,148
Chad,148
Chad,148
Chad,148
Central African Republic,140
Central African Republic,140
Central African Republic,140
Central African Republic,140
Central African Republic,140
Central African Republic,140
Central African Republic,140
Central African Republic,140
Cayman Islands,136
Cayman Islands,136
Cayman Islands,136
Cayman Islands,136
Cayman Islands,136
Cayman Islands,136
Cayman Islands,136
Cayman Islands,136
Cape Verde,132
Cape Verde,132
Cape Verde,132
Cape Verde,132
Cape Verde,132
Cape Verde,132
Cape Verde,132
Cape Verde,132
Canada,124
Canada,124
Canada,124
Canada,124
Canada,124
Canada,124
Canada,124
Canada,124
Cameroon,120
Cameroon,120
Cameroon,120
Cameroon,120
Cameroon,120
Cameroon,120
Cameroon,120
Cameroon,120
Cambodia,116
Cambodia,116
Cambodia,116
Cambodia,116
Cambodia,116
Cambodia,116
Cambodia,116
Cambodia,116
Burundi,108
Burundi,108
Burundi,108
Burundi,108
Burundi,108
Burundi,108
Burundi,108
Burundi,108
Burkina Faso,854
Burkina Faso,854
Burkina Faso,854
Burkina Faso,854
Burkina Faso,854
Burkina Faso,854
Burkina Faso,854
Burkina Faso,854
Bulgaria,100
Bulgaria,100
Bulgaria,100
Bulgaria,100
Bulgaria,100
Bulgaria,100
Bulgaria,100
Bulgaria,100
Brunei Darussalam,96
Brunei Darussalam,96
Brunei Darussalam,96
Brunei Darussalam,96
Brunei Darussalam,96
Brunei Darussalam,96
Brunei Darussalam,96
Brunei Darussalam,96
British Virgin Islands,92
British Virgin Islands,92
British Virgin Islands,92
British Virgin Islands,92
British Virgin Islands,92
British Virgin Islands,92
British Virgin Islands,92
British Virgin Islands,92
British Indian Ocean Territory,86
British Indian Ocean Territory,86
British Indian Ocean Territory,86
British Indian Ocean Territory,86
British Indian Ocean Territory,86
British Indian Ocean Territory,86
British Indian Ocean Territory,86
British Indian Ocean Territory,86
Brazil,76
Brazil,76
Brazil,76
Brazil,76
Brazil,76
Brazil,76
Brazil,76
Brazil,76
Bouvet Island,74
Bouvet Island,74
Bouvet Island,74
Bouvet Island,74
Bouvet Island,74
Bouvet Island,74
Bouvet Island,74
Bouvet Island,74
Botswana,72
Botswana,72
Botswana,72
Botswana,72
Botswana,72
Botswana,72
Botswana,72
Botswana,72
Bosnia and Herzegovina,70
Bosnia and Herzegovina,70
Bosnia and Herzegovina,70
Bosnia and Herzegovina,70
Bosnia and Herzegovina,70
Bosnia and Herzegovina,70
Bosnia and Herzegovina,70
Bosnia and Herzegovina,70
Bolivia,68
Bolivia,68
Bolivia,68
Bolivia,68
Bolivia,68
Bolivia,68
Bolivia,68
Bolivia,68
Bhutan,64
Bhutan,64
Bhutan,64
Bhutan,64
Bhutan,64
Bhutan,64
Bhutan,64
Bhutan,64
Bermuda,60
Bermuda,60
Bermuda,60
Bermuda,60
Bermuda,60
Bermuda,60
Bermuda,60
Bermuda,60
Benin,204
Benin,204
Benin,204
Benin,204
Benin,204
Benin,204
Benin,204
Benin,204
Belize,84
Belize,84
Belize,84
Belize,84
Belize,84
Belize,84
Belize,84
Belize,84
Belgium,56
Belgium,56
Belgium,56
Belgium,56
Belgium,56
Belgium,56
Belgium,56
Belgium,56
Belarus,112
Belarus,112
Belarus,112
Belarus,112
Belarus,112
Belarus,112
Belarus,112
Belarus,112
Barbados,52
Barbados,52
Barbados,52
Barbados,52
Barbados,52
Barbados,52
Barbados,52
Barbados,52
Bangladesh,50
Bangladesh,50
Bangladesh,50
Bangladesh,50
Bangladesh,50
Bangladesh,50
Bangladesh,50
Bangladesh,50
Bahrain,48
Bahrain,48
Bahrain,48
Bahrain,48
Bahrain,48
Bahrain,48
Bahrain,48
Bahrain,48
Bahamas,44
Bahamas,44
Bahamas,44
Bahamas,44
Bahamas,44
Bahamas,44
Bahamas,44
Bahamas,44
Azerbaijan,31
Azerbaijan,31
Azerbaijan,31
Azerbaijan,31
Azerbaijan,31
Azerbaijan,31
Azerbaijan,31
Azerbaijan,31
Austria,40
Austria,40
Austria,40
Austria,40
Austria,40
Austria,40
Austria,40
Austria,40
Australia,36
Australia,36
Australia,36
Australia,36
Australia,36
Australia,36
Australia,36
Australia,36
Aruba,533
Aruba,533
Aruba,533
Aruba,533
Aruba,533
Aruba,533
Aruba,533
Aruba,533
Armenia,51
Armenia,51
Armenia,51
Armenia,51
Armenia,51
Armenia,51
Armenia,51
Armenia,51
Argentina,32
Argentina,32
Argentina,32
Argentina,32
Argentina,32
Argentina,32
Argentina,32
Argentina,32
Antigua and Barbuda,28
Antigua and Barbuda,28
Antigua and Barbuda,28
Antigua and Barbuda,28
Antigua and Barbuda,28
Antigua and Barbuda,28
Antigua and Barbuda,28
Antigua and Barbuda,28
Antarctica,10
Antarctica,10
Antarctica,10
Antarctica,10
Antarctica,10
Antarctica,10
Antarctica,10
Antarctica,10
Anguilla,660
Anguilla,660
Anguilla,660
Anguilla,660
Anguilla,660
Anguilla,660
Anguilla,660
Anguilla,660
Angola,24
Angola,24
Angola,24
Angola,24
Angola,24
Angola,24
Angola,24
Angola,24
Andorra,20
Andorra,20
Andorra,20
Andorra,20
Andorra,20
Andorra,20
Andorra,20
Andorra,20
American Samoa,16
American Samoa,16
American Samoa,16
American Samoa,16
American Samoa,16
American Samoa,16
American Samoa,16
American Samoa,16
Algeria,12
Algeria,12
Algeria,12
Algeria,12
Algeria,12
Algeria,12
Algeria,12
Algeria,12
Albania,8
Albania,8
Albania,8
Albania,8
Albania,8
Albania,8
Albania,8
Albania,8
Aland Islands,248
Aland Islands,248
Aland Islands,248
Aland Islands,248
Aland Islands,248
Aland Islands,248
Aland Islands,248
Aland Islands,248
Afghanistan,4
Afghanistan,4
Afghanistan,4
Afghanistan,4
Afghanistan,4
Afghanistan,4
Afghanistan,4
Afghanistan,4
